"UNION","WRI"
"Mexico",34.2852783203125
"Colombia",28.4696884155273
"Chile",36.6082611083984
"Papua New Guinea",18.6682662963867
"Alaska",44.7273864746094
"Tanzania",11.045768737793
"Fiji",27.8414154052734
"Indonesia",33.8008880615234
"Solomon Islands",16.9373016357422
"Ecuador",30.5906295776367
"Mozambique",7.00045776367188
"Peru",26.0693130493164
"Madagascar",12.8586120605469
